Year,Property Tax,Sales Tax,TOT,Other,Total Disc Rev,Total w/o Other,Expenditures (DGF),Surplus w/o Other Rev,Surplus,PT Growth,ST Growth,TOT Growth,Other Growth
2020-2021,235.7,11.2,10.5,52.73157895,310.1315789,257.4,257.4,0,52.7315789,0,0,0,0
2021-2022,246.3065,11.424,13.65,52.707,324.0875,271.3805,267.696,3.6845,56.3915,0.045,0.02,0.3,-0.000466114
2022-2023,255.5429938,11.65248,13.923,55.1223075,336.2407813,281.1184738,278.40384,2.7146338,57.8369413,0.0375,0.02,0.02,0.045825175
2023-2024,262.5704261,11.8855296,14.20146,56.82998706,345.4874027,288.6574157,289.5399936,-0.8825779,55.9474091,0.0275,0.02,0.02,0.030979827
2024-2025,269.7911128,12.12324019,14.4854892,58.58846412,354.9883063,296.3998422,301.1215933,-4.7217511,53.866713,0.0275,0.02,0.02,0.030942767
2025-2026,280.5827573,12.365705,14.77519898,61.46417728,369.1878386,307.7236613,313.1664571,-5.4427958,56.0213815,0.04,0.02,0.02,0.049083266