Year,Property Tax,Cannabis Tax,Sales Tax,TOT,Other,Total Disc Rev,Expenditures (DGF)
2020-2021,235.7,14,11.2,10.5,38.73157895,310.1315789,310.1315789
2021-2022,243.9495,16.65,11.424,13.65,39.50621053,324.8297105,326.7297105
2022-2023,249.5603385,19.801845,11.65248,13.923,40.29633474,334.8769982,337.9769982
2023-2024,255.3002263,23.55033426,11.8855296,14.20146,41.10226143,345.6756716,356.3756716
2024-2025,261.1721315,28.00841253,12.12324019,14.4854892,41.92430666,357.3421573,365.1421573
2025-2026,267.1790905,33.31040503,12.365705,14.77519898,42.76279279,370.0143411,373.7143411